"Code","LastDate"
"1101.TW","2020-04-16"
"1102.TW","2020-04-16"
"1103.TW","2020-04-16"
"1104.TW","2020-04-16"
"1108.TW","2020-04-16"
"1109.TW","2020-04-16"
"1110.TW","2020-04-16"
"1201.TW","2020-04-16"
"1203.TW","2020-04-16"
"1210.TW","2020-04-16"
"1213.TW","2020-04-16"
"1215.TW","2020-04-16"
"1216.TW","2020-04-16"
"1217.TW","2020-04-16"
"1218.TW","2020-04-16"
"1219.TW","2020-04-16"
"1220.TW","2020-04-16"
"1225.TW","2020-04-16"
"1227.TW","2020-04-16"
"1229.TW","2020-04-16"
"1231.TW","2020-04-16"
"1232.TW","2020-04-16"
"1233.TW","2020-04-16"
"1234.TW","2020-04-16"
"1235.TW","2020-04-16"
"1236.TW","2020-04-16"
"1256.TW","2020-04-16"
"1301.TW","2020-04-16"
"1303.TW","2020-04-16"
"1304.TW","2020-04-16"
"1305.TW","2020-04-16"
"1307.TW","2020-04-16"
"1308.TW","2020-04-16"
"1309.TW","2020-04-16"
"1310.TW","2020-04-16"
"1312.TW","2020-04-16"
"1313.TW","2020-04-16"
"1314.TW","2020-04-16"
"1315.TW","2020-04-16"
"1316.TW","2020-04-16"
"1319.TW","2020-04-16"
"1321.TW","2020-04-16"
"1323.TW","2020-04-16"
"1324.TW","2020-04-16"
"1325.TW","2020-04-16"
"1326.TW","2020-04-16"
"1337.TW","2020-04-16"
"1338.TW","2020-04-16"
"1339.TW","2020-04-16"
"1340.TW","2020-04-16"
"1341.TW","2020-04-16"
"1402.TW","2020-04-16"
"1409.TW","2020-04-16"
"1410.TW","2020-04-16"
"1413.TW","2020-04-16"
"1414.TW","2020-04-16"
"1416.TW","2020-04-16"
"1417.TW","2020-04-16"
"1418.TW","2020-04-16"
"1419.TW","2020-04-16"
"1423.TW","2020-04-16"
"1432.TW","2020-04-16"
"1434.TW","2020-04-16"
"1435.TW","2020-04-16"
"1436.TW","2020-04-16"
"1437.TW","2020-04-16"
"1438.TW","2020-04-16"
"1439.TW","2020-04-16"
"1440.TW","2020-04-16"
"1441.TW","2020-04-16"
"1442.TW","2020-04-16"
"1443.TW","2020-04-16"
"1444.TW","2020-04-16"
"1445.TW","2020-04-16"
"1446.TW","2020-04-16"
"1447.TW","2020-04-16"
"1449.TW","2020-04-16"
"1451.TW","2020-04-16"
"1452.TW","2020-04-16"
"1453.TW","2020-04-16"
"1454.TW","2020-04-16"
"1455.TW","2020-04-16"
"1456.TW","2020-04-16"
"1457.TW","2020-04-16"
"1459.TW","2020-04-16"
"1460.TW","2020-04-16"
"1463.TW","2020-04-16"
"1464.TW","2020-04-16"
"1465.TW","2020-04-16"
"1466.TW","2020-04-16"
"1467.TW","2020-04-16"
"1468.TW","2020-04-16"
"1470.TW","2020-04-16"
"1471.TW","2020-04-16"
"1472.TW","2020-04-16"
"1473.TW","2020-04-16"
"1474.TW","2020-04-16"
"1475.TW","2020-04-16"
"1476.TW","2020-04-16"
"1477.TW","2020-04-16"
"1503.TW","2020-04-16"
"1504.TW","2020-04-16"
"1506.TW","2020-04-16"
"1507.TW","2020-04-16"
"1512.TW","2020-04-16"
"1513.TW","2020-04-16"
"1514.TW","2020-04-16"
"1515.TW","2020-04-16"
"1516.TW","2020-04-16"
"1517.TW","2020-04-16"
"1519.TW","2020-04-16"
"1521.TW","2020-04-16"
"1522.TW","2020-04-16"
"1524.TW","2020-04-16"
"1525.TW","2020-04-16"
"1526.TW","2020-04-16"
"1527.TW","2020-04-16"
"1528.TW","2020-04-16"
"1529.TW","2020-04-16"
"1530.TW","2020-04-16"
"1531.TW","2020-04-16"
"1532.TW","2020-04-16"
"1533.TW","2020-04-16"
"1535.TW","2020-04-16"
"1536.TW","2020-04-16"
"1537.TW","2020-04-16"
"1538.TW","2020-04-16"
"1539.TW","2020-04-16"
"1540.TW","2020-04-16"
"1541.TW","2020-04-16"
"1558.TW","2020-04-16"
"1560.TW","2020-04-16"
"1568.TW","2020-04-16"
"1582.TW","2020-04-16"
"1583.TW","2020-04-16"
"1587.TW","2020-04-16"
"1589.TW","2020-04-16"
"1590.TW","2020-04-16"
"1592.TW","2020-04-16"
"1598.TW","2020-04-16"
"1603.TW","2020-04-16"
"1604.TW","2020-04-16"
"1605.TW","2020-04-16"
"1608.TW","2020-04-16"
"1609.TW","2020-04-16"
"1611.TW","2020-04-16"
"1612.TW","2020-04-16"
"1614.TW","2020-04-16"
"1615.TW","2020-04-16"
"1616.TW","2020-04-16"
"1617.TW","2020-04-16"
"1618.TW","2020-04-16"
"1626.TW","2020-04-16"
"1701.TW","2020-04-16"
"1702.TW","2020-04-16"
"1707.TW","2020-04-16"
"1708.TW","2020-04-16"
"1709.TW","2020-04-16"
"1710.TW","2020-04-16"
"1711.TW","2020-04-16"
"1712.TW","2020-04-16"
"1713.TW","2020-04-16"
"1714.TW","2020-04-16"
"1717.TW","2020-04-16"
"1718.TW","2020-04-16"
"1720.TW","2020-04-16"
"1721.TW","2020-04-16"
"1722.TW","2020-04-16"
"1723.TW","2020-04-16"
"1724.TW","2020-04-16"
"1725.TW","2020-04-16"
"1726.TW","2020-04-16"
"1727.TW","2020-04-16"
"1730.TW","2020-04-16"
"1731.TW","2020-04-16"
"1732.TW","2020-04-16"
"1733.TW","2020-04-16"
"1734.TW","2020-04-16"
"1735.TW","2020-04-16"
"1736.TW","2020-04-16"
"1737.TW","2020-04-16"
"1760.TW","2020-04-16"
"1762.TW","2020-04-16"
"1773.TW","2020-04-16"
"1776.TW","2020-04-16"
"1783.TW","2020-04-16"
"1786.TW","2020-04-16"
"1789.TW","2020-04-16"
"1795.TW","2020-04-16"
"1802.TW","2020-04-16"
"1805.TW","2020-04-16"
"1806.TW","2020-04-16"
"1808.TW","2020-04-16"
"1809.TW","2020-04-16"
"1810.TW","2020-04-16"
"1817.TW","2020-04-16"
"1902.TW","2020-04-16"
"1903.TW","2020-04-16"
"1904.TW","2020-04-16"
"1905.TW","2020-04-16"
"1906.TW","2020-04-16"
"1907.TW","2020-04-16"
"1909.TW","2020-04-16"
"2002.TW","2020-04-16"
"2006.TW","2020-04-16"
"2007.TW","2020-04-16"
"2008.TW","2020-04-16"
"2009.TW","2020-04-16"
"2010.TW","2020-04-16"
"2012.TW","2020-04-16"
"2013.TW","2020-04-16"
"2014.TW","2020-04-16"
"2015.TW","2020-04-16"
"2017.TW","2020-04-16"
"2020.TW","2020-04-16"
"2022.TW","2020-04-16"
"2023.TW","2020-04-16"
"2024.TW","2020-04-16"
"2025.TW","2020-04-16"
"2027.TW","2020-04-16"
"2028.TW","2020-04-16"
"2029.TW","2020-04-16"
"2030.TW","2020-04-16"
"2031.TW","2020-04-16"
"2032.TW","2020-04-16"
"2033.TW","2020-04-16"
"2034.TW","2020-04-16"
"2038.TW","2020-04-16"
"2049.TW","2020-04-16"
"2059.TW","2020-04-16"
"2062.TW","2020-04-16"
"2069.TW","2020-04-16"
"2101.TW","2020-04-16"
"2102.TW","2020-04-16"
"2103.TW","2020-04-16"
"2104.TW","2020-04-16"
"2105.TW","2020-04-16"
"2106.TW","2020-04-16"
"2107.TW","2020-04-16"
"2108.TW","2020-04-16"
"2109.TW","2020-04-16"
"2114.TW","2020-04-16"
"2115.TW","2020-04-16"
"2201.TW","2020-04-16"
"2204.TW","2020-04-16"
"2206.TW","2020-04-16"
"2207.TW","2020-04-16"
"2208.TW","2020-04-16"
"2227.TW","2020-04-16"
"2228.TW","2020-04-16"
"2231.TW","2020-04-16"
"2233.TW","2020-04-16"
"2236.TW","2020-04-16"
"2239.TW","2020-04-16"
"2243.TW","2020-04-16"
"2301.TW","2020-04-16"
"2302.TW","2020-04-16"
"2303.TW","2020-04-16"
"2305.TW","2020-04-16"
"2308.TW","2020-04-16"
"2312.TW","2020-04-16"
"2313.TW","2020-04-16"
"2314.TW","2020-04-16"
"2316.TW","2020-04-16"
"2317.TW","2020-04-16"
"2321.TW","2020-04-16"
"2323.TW","2020-04-16"
"2324.TW","2020-04-16"
"2327.TW","2020-04-16"
"2328.TW","2020-04-16"
"2329.TW","2020-04-16"
"2330.TW","2020-04-16"
"2331.TW","2020-04-16"
"2332.TW","2020-04-16"
"2337.TW","2020-04-16"
"2338.TW","2020-04-16"
"2340.TW","2020-04-16"
"2342.TW","2020-04-16"
"2344.TW","2020-04-16"
"2345.TW","2020-04-16"
"2347.TW","2020-04-16"
"2348.TW","2020-04-16"
"2349.TW","2020-04-16"
"2351.TW","2020-04-16"
"2352.TW","2020-04-16"
"2353.TW","2020-04-16"
"2354.TW","2020-04-16"
"2355.TW","2020-04-16"
"2356.TW","2020-04-16"
"2357.TW","2020-04-16"
"2358.TW","2020-04-16"
"2359.TW","2020-04-16"
"2360.TW","2020-04-16"
"2362.TW","2020-04-16"
"2363.TW","2020-04-16"
"2364.TW","2020-04-16"
"2365.TW","2020-04-16"
"2367.TW","2020-04-16"
"2368.TW","2020-04-16"
"2369.TW","2020-04-16"
"2371.TW","2020-04-16"
"2373.TW","2020-04-16"
"2374.TW","2020-04-16"
"2375.TW","2020-04-16"
"2376.TW","2020-04-16"
"2377.TW","2020-04-16"
"2379.TW","2020-04-16"
"2380.TW","2020-04-16"
"2382.TW","2020-04-16"
"2383.TW","2020-04-16"
"2385.TW","2020-04-16"
"2387.TW","2020-04-16"
"2388.TW","2020-04-16"
"2390.TW","2020-04-16"
"2392.TW","2020-04-16"
"2393.TW","2020-04-16"
"2395.TW","2020-04-16"
"2397.TW","2020-04-16"
"2399.TW","2020-04-16"
"2401.TW","2020-04-16"
"2402.TW","2020-04-16"
"2404.TW","2020-04-16"
"2405.TW","2020-04-16"
"2406.TW","2020-04-16"
"2408.TW","2020-04-16"
"2409.TW","2020-04-16"
"2412.TW","2020-04-16"
"2413.TW","2020-04-16"
"2414.TW","2020-04-16"
"2415.TW","2020-04-16"
"2417.TW","2020-04-16"
"2419.TW","2020-04-16"
"2420.TW","2020-04-16"
"2421.TW","2020-04-16"
"2423.TW","2020-04-16"
"2424.TW","2020-04-16"
"2425.TW","2020-04-16"
"2426.TW","2020-04-16"
"2427.TW","2020-04-16"
"2428.TW","2020-04-16"
"2429.TW","2020-04-16"
"2430.TW","2020-04-16"
"2431.TW","2020-04-16"
"2433.TW","2020-04-16"
"2434.TW","2020-04-16"
"2436.TW","2020-04-16"
"2438.TW","2020-04-16"
"2439.TW","2020-04-16"
"2440.TW","2020-04-16"
"2441.TW","2020-04-16"
"2442.TW","2020-04-16"
"2443.TW","2020-04-16"
"2444.TW","2020-04-16"
"2448.TW","2020-04-16"
"2449.TW","2020-04-16"
"2450.TW","2020-04-16"
"2451.TW","2020-04-16"
"2453.TW","2020-04-16"
"2454.TW","2020-04-16"
"2455.TW","2020-04-16"
"2456.TW","2020-04-16"
"2457.TW","2020-04-16"
"2458.TW","2020-04-16"
"2459.TW","2020-04-16"
"2460.TW","2020-04-16"
"2461.TW","2020-04-16"
"2462.TW","2020-04-16"
"2464.TW","2020-04-16"
"2465.TW","2020-04-16"
"2466.TW","2020-04-16"
"2467.TW","2020-04-16"
"2468.TW","2020-04-16"
"2471.TW","2020-04-16"
"2472.TW","2020-04-16"
"2474.TW","2020-04-16"
"2476.TW","2020-04-16"
"2477.TW","2020-04-16"
"2478.TW","2020-04-16"
"2480.TW","2020-04-16"
"2481.TW","2020-04-16"
"2482.TW","2020-04-16"
"2483.TW","2020-04-16"
"2484.TW","2020-04-16"
"2485.TW","2020-04-16"
"2486.TW","2020-04-16"
"2488.TW","2020-04-16"
"2489.TW","2020-04-16"
"2491.TW","2020-04-16"
"2492.TW","2020-04-16"
"2493.TW","2020-04-16"
"2495.TW","2020-04-16"
"2496.TW","2020-04-16"
"2497.TW","2020-04-16"
"2498.TW","2020-04-16"
"2499.TW","2020-04-16"
"2501.TW","2020-04-16"
"2504.TW","2020-04-16"
"2505.TW","2020-04-16"
"2506.TW","2020-04-16"
"2509.TW","2020-04-16"
"2511.TW","2020-04-16"
"2514.TW","2020-04-16"
"2515.TW","2020-04-16"
"2516.TW","2020-04-16"
"2520.TW","2020-04-16"
"2524.TW","2020-04-16"
"2527.TW","2020-04-16"
"2528.TW","2020-04-16"
"2530.TW","2020-04-16"
"2534.TW","2020-04-16"
"2535.TW","2020-04-16"
"2536.TW","2020-04-16"
"2537.TW","2020-04-16"
"2538.TW","2020-04-16"
"2539.TW","2020-04-16"
"2540.TW","2020-04-16"
"2542.TW","2020-04-16"
"2543.TW","2020-04-16"
"2545.TW","2020-04-16"
"2546.TW","2020-04-16"
"2547.TW","2020-04-16"
"2548.TW","2020-04-16"
"2597.TW","2020-04-16"
"2601.TW","2020-04-16"
"2603.TW","2020-04-16"
"2605.TW","2020-04-16"
"2606.TW","2020-04-16"
"2607.TW","2020-04-16"
"2608.TW","2020-04-16"
"2609.TW","2020-04-16"
"2610.TW","2020-04-16"
"2611.TW","2020-04-16"
"2612.TW","2020-04-16"
"2613.TW","2020-04-16"
"2614.TW","2020-04-16"
"2615.TW","2020-04-16"
"2616.TW","2020-04-16"
"2617.TW","2020-04-16"
"2618.TW","2020-04-16"
"2630.TW","2020-04-16"
"2633.TW","2020-04-16"
"2634.TW","2020-04-16"
"2636.TW","2020-04-16"
"2637.TW","2020-04-16"
"2642.TW","2020-04-16"
"2701.TW","2020-04-16"
"2702.TW","2020-04-16"
"2704.TW","2020-04-16"
"2705.TW","2020-04-16"
"2706.TW","2020-04-16"
"2707.TW","2020-04-16"
"2712.TW","2020-04-16"
"2722.TW","2020-04-16"
"2723.TW","2020-04-16"
"2727.TW","2020-04-16"
"2731.TW","2020-04-16"
"2739.TW","2020-04-16"
"2748.TW","2020-04-16"
"2801.TW","2020-04-16"
"2809.TW","2020-04-16"
"2812.TW","2020-04-16"
"2816.TW","2020-04-16"
"2820.TW","2020-04-16"
"2823.TW","2020-04-16"
"2832.TW","2020-04-16"
"2834.TW","2020-04-16"
"2836.TW","2020-04-16"
"2838.TW","2020-04-16"
"2841.TW","2020-04-16"
"2845.TW","2020-04-16"
"2849.TW","2020-04-16"
"2850.TW","2020-04-16"
"2851.TW","2020-04-16"
"2852.TW","2020-04-16"
"2855.TW","2020-04-16"
"2867.TW","2020-04-16"
"2880.TW","2020-04-16"
"2881.TW","2020-04-16"
"2882.TW","2020-04-16"
"2883.TW","2020-04-16"
"2884.TW","2020-04-16"
"2885.TW","2020-04-16"
"2886.TW","2020-04-16"
"2887.TW","2020-04-16"
"2888.TW","2020-04-16"
"2889.TW","2020-04-16"
"2890.TW","2020-04-16"
"2891.TW","2020-04-16"
"2892.TW","2020-04-16"
"2897.TW","2020-04-16"
"2901.TW","2020-04-16"
"2903.TW","2020-04-16"
"2904.TW","2020-04-16"
"2905.TW","2020-04-16"
"2906.TW","2020-04-16"
"2908.TW","2020-04-16"
"2910.TW","2020-04-16"
"2911.TW","2020-04-16"
"2912.TW","2020-04-16"
"2913.TW","2020-04-16"
"2915.TW","2020-04-16"
"2923.TW","2020-04-16"
"2929.TW","2020-04-16"
"2936.TW","2020-04-16"
"2939.TW","2020-04-16"
"3002.TW","2020-04-16"
"3003.TW","2020-04-16"
"3004.TW","2020-04-16"
"3005.TW","2020-04-16"
"3006.TW","2020-04-16"
"3008.TW","2020-04-16"
"3010.TW","2020-04-16"
"3011.TW","2020-04-16"
"3013.TW","2020-04-16"
"3014.TW","2020-04-16"
"3015.TW","2020-04-16"
"3016.TW","2020-04-16"
"3017.TW","2020-04-16"
"3018.TW","2020-04-16"
"3019.TW","2020-04-16"
"3021.TW","2020-04-16"
"3022.TW","2020-04-16"
"3023.TW","2020-04-16"
"3024.TW","2020-04-16"
"3025.TW","2020-04-16"
"3026.TW","2020-04-16"
"3027.TW","2020-04-16"
"3028.TW","2020-04-16"
"3029.TW","2020-04-16"
"3030.TW","2020-04-16"
"3031.TW","2020-04-16"
"3032.TW","2020-04-16"
"3033.TW","2020-04-16"
"3034.TW","2020-04-16"
"3035.TW","2020-04-16"
"3036.TW","2020-04-16"
"3037.TW","2020-04-16"
"3038.TW","2020-04-16"
"3040.TW","2020-04-16"
"3041.TW","2020-04-16"
"3042.TW","2020-04-16"
"3043.TW","2020-04-16"
"3044.TW","2020-04-16"
"3045.TW","2020-04-16"
"3046.TW","2020-04-16"
"3047.TW","2020-04-16"
"3048.TW","2020-04-16"
"3049.TW","2020-04-16"
"3050.TW","2020-04-16"
"3051.TW","2020-04-16"
"3052.TW","2020-04-16"
"3054.TW","2020-04-16"
"3055.TW","2020-04-16"
"3056.TW","2020-04-16"
"3057.TW","2020-04-16"
"3058.TW","2020-04-16"
"3059.TW","2020-04-16"
"3060.TW","2020-04-16"
"3062.TW","2020-04-16"
"3090.TW","2020-04-16"
"3094.TW","2020-04-16"
"3130.TW","2020-04-16"
"3149.TW","2020-04-16"
"3164.TW","2020-04-16"
"3167.TW","2020-04-16"
"3189.TW","2020-04-16"
"3209.TW","2020-04-16"
"3229.TW","2020-04-16"
"3231.TW","2020-04-16"
"3257.TW","2020-04-16"
"3266.TW","2020-04-16"
"3296.TW","2020-04-16"
"3305.TW","2020-04-16"
"3308.TW","2020-04-16"
"3311.TW","2020-04-16"
"3312.TW","2020-04-16"
"3321.TW","2020-04-16"
"3338.TW","2020-04-16"
"3346.TW","2020-04-16"
"3356.TW","2020-04-16"
"3376.TW","2020-04-16"
"3380.TW","2020-04-16"
"3383.TW","2020-04-16"
"3406.TW","2020-04-16"
"3413.TW","2020-04-16"
"3416.TW","2020-04-16"
"3419.TW","2020-04-16"
"3432.TW","2020-04-16"
"3437.TW","2020-04-16"
"3443.TW","2020-04-16"
"3450.TW","2020-04-16"
"3454.TW","2020-04-16"
"3481.TW","2020-04-16"
"3494.TW","2020-04-16"
"3501.TW","2020-04-16"
"3504.TW","2020-04-16"
"3515.TW","2020-04-16"
"3518.TW","2020-04-16"
"3528.TW","2020-04-16"
"3530.TW","2020-04-16"
"3532.TW","2020-04-16"
"3533.TW","2020-04-16"
"3535.TW","2020-04-16"
"3536.TW","2020-04-16"
"3543.TW","2020-04-16"
"3545.TW","2020-04-16"
"3550.TW","2020-04-16"
"3557.TW","2020-04-16"
"3563.TW","2020-04-16"
"3576.TW","2020-04-16"
"3583.TW","2020-04-16"
"3588.TW","2020-04-16"
"3591.TW","2020-04-16"
"3593.TW","2020-04-16"
"3596.TW","2020-04-16"
"3605.TW","2020-04-16"
"3607.TW","2020-04-16"
"3617.TW","2020-04-16"
"3622.TW","2020-04-16"
"3645.TW","2020-04-16"
"3653.TW","2020-04-16"
"3661.TW","2020-04-16"
"3665.TW","2020-04-16"
"3669.TW","2020-04-16"
"3673.TW","2020-04-16"
"3679.TW","2020-04-16"
"3682.TW","2020-04-16"
"3686.TW","2020-04-16"
"3694.TW","2020-04-16"
"3698.TW","2020-04-16"
"3701.TW","2020-04-16"
"3702.TW","2020-04-16"
"3703.TW","2020-04-16"
"3704.TW","2020-04-16"
"3705.TW","2020-04-16"
"3706.TW","2020-04-16"
"3708.TW","2020-04-16"
"3711.TW","2020-04-16"
"3712.TW","2020-04-16"
"4104.TW","2020-04-16"
"4106.TW","2020-04-16"
"4108.TW","2020-04-16"
"4119.TW","2020-04-16"
"4133.TW","2020-04-16"
"4137.TW","2020-04-16"
"4141.TW","2020-04-16"
"4142.TW","2020-04-16"
"4144.TW","2020-04-16"
"4148.TW","2020-04-16"
"4155.TW","2020-04-16"
"4164.TW","2020-04-16"
"4190.TW","2020-04-16"
"4306.TW","2020-04-16"
"4414.TW","2020-04-16"
"4426.TW","2020-04-16"
"4438.TW","2020-04-16"
"4439.TW","2020-04-16"
"4526.TW","2020-04-16"
"4532.TW","2020-04-16"
"4536.TW","2020-04-16"
"4540.TW","2020-04-16"
"4545.TW","2020-04-16"
"4551.TW","2020-04-16"
"4552.TW","2020-04-16"
"4555.TW","2020-04-16"
"4557.TW","2020-04-16"
"4560.TW","2020-04-16"
"4562.TW","2020-04-16"
"4564.TW","2020-04-16"
"4566.TW","2020-04-16"
"4571.TW","2020-04-16"
"4572.TW","2020-04-16"
"4576.TW","2020-04-16"
"4581.TW","2020-04-16"
"4720.TW","2020-04-16"
"4722.TW","2020-04-16"
"4725.TW","2020-04-16"
"4737.TW","2020-04-16"
"4739.TW","2020-04-16"
"4746.TW","2020-04-16"
"4755.TW","2020-04-16"
"4763.TW","2020-04-16"
"4764.TW","2020-04-16"
"4766.TW","2020-04-16"
"4807.TW","2020-04-16"
"4904.TW","2020-04-16"
"4906.TW","2020-04-16"
"4912.TW","2020-04-16"
"4915.TW","2020-04-16"
"4916.TW","2020-04-16"
"4919.TW","2020-04-16"
"4927.TW","2020-04-16"
"4930.TW","2020-04-16"
"4934.TW","2020-04-16"
"4935.TW","2020-04-16"
"4938.TW","2020-04-16"
"4942.TW","2020-04-16"
"4943.TW","2020-04-16"
"4952.TW","2020-04-16"
"4956.TW","2020-04-16"
"4958.TW","2020-04-16"
"4960.TW","2020-04-16"
"4961.TW","2020-04-16"
"4967.TW","2020-04-16"
"4968.TW","2020-04-16"
"4976.TW","2020-04-16"
"4977.TW","2020-04-16"
"4989.TW","2020-04-16"
"4994.TW","2020-04-16"
"4999.TW","2020-04-16"
"5007.TW","2020-04-16"
"5203.TW","2020-04-16"
"5215.TW","2020-04-16"
"5225.TW","2020-04-16"
"5234.TW","2020-04-16"
"5243.TW","2020-04-16"
"5258.TW","2020-04-16"
"5264.TW","2020-04-16"
"5269.TW","2020-04-16"
"5283.TW","2020-04-16"
"5284.TW","2020-04-16"
"5285.TW","2020-04-16"
"5288.TW","2020-04-16"
"5305.TW","2020-04-16"
"5388.TW","2020-04-16"
"5434.TW","2020-04-16"
"5469.TW","2020-04-16"
"5471.TW","2020-04-16"
"5484.TW","2020-04-16"
"5515.TW","2020-04-16"
"5519.TW","2020-04-16"
"5521.TW","2020-04-16"
"5522.TW","2020-04-16"
"5525.TW","2020-04-16"
"5531.TW","2020-04-16"
"5533.TW","2020-04-16"
"5534.TW","2020-04-16"
"5538.TW","2020-04-16"
"5607.TW","2020-04-16"
"5608.TW","2020-04-16"
"5706.TW","2020-04-16"
"5871.TW","2020-04-16"
"5876.TW","2020-04-16"
"5880.TW","2020-04-16"
"5906.TW","2020-04-16"
"5907.TW","2020-04-16"
"6005.TW","2020-04-16"
"6024.TW","2020-04-16"
"6108.TW","2020-04-16"
"6112.TW","2020-04-16"
"6115.TW","2020-04-16"
"6116.TW","2020-04-16"
"6117.TW","2020-04-16"
"6120.TW","2020-04-16"
"6128.TW","2020-04-16"
"6131.TW","2020-04-16"
"6133.TW","2020-04-16"
"6136.TW","2020-04-16"
"6139.TW","2020-04-16"
"6141.TW","2020-04-16"
"6142.TW","2020-04-16"
"6152.TW","2020-04-16"
"6153.TW","2020-04-16"
"6155.TW","2020-04-16"
"6164.TW","2020-04-16"
"6165.TW","2020-04-16"
"6166.TW","2020-04-16"
"6168.TW","2020-04-16"
"6172.TW","2020-04-16"
"6176.TW","2020-04-16"
"6177.TW","2020-04-16"
"6183.TW","2020-04-16"
"6184.TW","2020-04-16"
"6189.TW","2020-04-16"
"6191.TW","2020-04-16"
"6192.TW","2020-04-16"
"6196.TW","2020-04-16"
"6197.TW","2020-04-16"
"6201.TW","2020-04-16"
"6202.TW","2020-04-16"
"6205.TW","2020-04-16"
"6206.TW","2020-04-16"
"6209.TW","2020-04-16"
"6213.TW","2020-04-16"
"6214.TW","2020-04-16"
"6215.TW","2020-04-16"
"6216.TW","2020-04-16"
"6224.TW","2020-04-16"
"6225.TW","2020-04-16"
"6226.TW","2020-04-16"
"6230.TW","2020-04-16"
"6235.TW","2020-04-16"
"6239.TW","2020-04-16"
"6243.TW","2020-04-16"
"6251.TW","2020-04-16"
"6257.TW","2020-04-16"
"6269.TW","2020-04-16"
"6271.TW","2020-04-16"
"6277.TW","2020-04-16"
"6278.TW","2020-04-16"
"6281.TW","2020-04-16"
"6282.TW","2020-04-16"
"6283.TW","2020-04-16"
"6285.TW","2020-04-16"
"6288.TW","2020-04-16"
"6289.TW","2020-04-16"
"6405.TW","2020-04-16"
"6409.TW","2020-04-16"
"6412.TW","2020-04-16"
"6414.TW","2020-04-16"
"6415.TW","2020-04-16"
"6416.TW","2020-04-16"
"6431.TW","2020-04-16"
"6442.TW","2020-04-16"
"6443.TW","2020-04-16"
"6449.TW","2020-04-16"
"6451.TW","2020-04-16"
"6452.TW","2020-04-16"
"6456.TW","2020-04-16"
"6464.TW","2020-04-16"
"6477.TW","2020-04-16"
"6491.TW","2020-04-16"
"6504.TW","2020-04-16"
"6505.TW","2020-04-16"
"6525.TW","2020-04-16"
"6531.TW","2020-04-16"
"6533.TW","2020-04-16"
"6541.TW","2020-04-16"
"6552.TW","2020-04-16"
"6558.TW","2020-04-16"
"6573.TW","2020-04-16"
"6579.TW","2020-04-16"
"6581.TW","2020-04-16"
"6582.TW","2020-04-16"
"6591.TW","2020-04-16"
"6592.TW","2020-04-16"
"6605.TW","2020-04-16"
"6625.TW","2020-04-16"
"6641.TW","2020-04-16"
"6655.TW","2020-04-16"
"6666.TW","2020-04-16"
"6668.TW","2020-04-16"
"6669.TW","2020-04-16"
"6670.TW","2020-04-16"
"6671.TW","2020-04-16"
"6672.TW","2020-04-16"
"6674.TW","2020-04-16"
"6698.TW","2020-04-16"
"6706.TW","2020-04-16"
"6715.TW","2020-04-16"
"8011.TW","2020-04-16"
"8016.TW","2020-04-16"
"8021.TW","2020-04-16"
"8028.TW","2020-04-16"
"8033.TW","2020-04-16"
"8039.TW","2020-04-16"
"8046.TW","2020-04-16"
"8070.TW","2020-04-16"
"8072.TW","2020-04-16"
"8081.TW","2020-04-16"
"8101.TW","2020-04-16"
"8103.TW","2020-04-16"
"8104.TW","2020-04-16"
"8105.TW","2020-04-16"
"8110.TW","2020-04-16"
"8112.TW","2020-04-16"
"8114.TW","2020-04-16"
"8131.TW","2020-04-16"
"8150.TW","2020-04-16"
"8163.TW","2020-04-16"
"8201.TW","2020-04-16"
"8210.TW","2020-04-16"
"8213.TW","2020-04-16"
"8215.TW","2020-04-16"
"8222.TW","2020-04-16"
"8249.TW","2020-04-16"
"8261.TW","2020-04-16"
"8271.TW","2020-04-16"
"8341.TW","2020-04-16"
"8367.TW","2020-04-16"
"8374.TW","2020-04-16"
"8404.TW","2020-04-16"
"8411.TW","2020-04-16"
"8422.TW","2020-04-16"
"8427.TW","2020-04-16"
"8429.TW","2020-04-16"
"8442.TW","2020-04-16"
"8443.TW","2020-04-16"
"8454.TW","2020-04-16"
"8462.TW","2020-04-16"
"8463.TW","2020-04-16"
"8464.TW","2020-04-16"
"8466.TW","2020-04-16"
"8467.TW","2020-04-16"
"8473.TW","2020-04-16"
"8478.TW","2020-04-16"
"8480.TW","2020-04-16"
"8481.TW","2020-04-16"
"8482.TW","2020-04-16"
"8488.TW","2020-04-16"
"8497.TW","2020-04-16"
"8499.TW","2020-04-16"
"8926.TW","2020-04-16"
"8940.TW","2020-04-16"
"8996.TW","2020-04-16"
"9802.TW","2020-04-16"
"9902.TW","2020-04-16"
"9904.TW","2020-04-16"
"9905.TW","2020-04-16"
"9906.TW","2020-04-16"
"9907.TW","2020-04-16"
"9908.TW","2020-04-16"
"9910.TW","2020-04-16"
"9911.TW","2020-04-16"
"9912.TW","2020-04-16"
"9914.TW","2020-04-16"
"9917.TW","2020-04-16"
"9918.TW","2020-04-16"
"9919.TW","2020-04-16"
"9921.TW","2020-04-16"
"9924.TW","2020-04-16"
"9925.TW","2020-04-16"
"9926.TW","2020-04-16"
"9927.TW","2020-04-16"
"9928.TW","2020-04-16"
"9929.TW","2020-04-16"
"9930.TW","2020-04-16"
"9931.TW","2020-04-16"
"9933.TW","2020-04-16"
"9934.TW","2020-04-16"
"9935.TW","2020-04-16"
"9937.TW","2020-04-16"
"9938.TW","2020-04-16"
"9939.TW","2020-04-16"
"9940.TW","2020-04-16"
"9941.TW","2020-04-16"
"9942.TW","2020-04-16"
"9943.TW","2020-04-16"
"9944.TW","2020-04-16"
"9945.TW","2020-04-16"
"9946.TW","2020-04-16"
"9955.TW","2020-04-16"
"9958.TW","2020-04-16"
"0050.TW","2020-04-16"
"0051.TW","2020-04-16"
"0052.TW","2020-04-16"
"0053.TW","2020-04-16"
"0054.TW","2020-04-16"
"0055.TW","2020-04-16"
"0056.TW","2020-04-16"
"0057.TW","2020-04-16"
"0061.TW","2020-04-16"
"006203.TW","2020-04-16"
"006204.TW","2020-04-16"
"006205.TW","2020-04-16"
"006206.TW","2020-04-16"
"006207.TW","2020-04-16"
"006208.TW","2020-04-16"
"00625K.TW","2020-04-16"
"00631L.TW","2020-04-16"
"00632R.TW","2020-04-16"
"00633L.TW","2020-04-16"
"00634R.TW","2020-04-16"
"00635U.TW","2020-04-16"
"00636.TW","2020-04-16"
"00636K.TW","2020-04-16"
"00637L.TW","2020-04-16"
"00638R.TW","2020-04-16"
"00639.TW","2020-04-16"
"00640L.TW","2020-04-16"
"00641R.TW","2020-04-16"
"00642U.TW","2020-04-16"
"00643.TW","2020-04-16"
"00643K.TW","2020-04-16"
"00645.TW","2020-04-16"
"00646.TW","2020-04-16"
"00647L.TW","2020-04-16"
"00648R.TW","2020-04-16"
"00650L.TW","2020-04-16"
"00651R.TW","2020-04-16"
"00652.TW","2020-04-16"
"00653L.TW","2020-04-16"
"00654R.TW","2020-04-16"
"00655L.TW","2020-04-16"
"00656R.TW","2020-04-16"
"00657.TW","2020-04-16"
"00657K.TW","2020-04-16"
"00660.TW","2020-04-16"
"00661.TW","2020-04-16"
"00662.TW","2020-04-16"
"00663L.TW","2020-04-16"
"00664R.TW","2020-04-16"
"00665L.TW","2020-04-16"
"00666R.TW","2020-04-16"
"00668.TW","2020-04-16"
"00668K.TW","2020-04-16"
"00669R.TW","2020-04-16"
"00670L.TW","2020-04-16"
"00671R.TW","2020-04-16"
"00672L.TW","2020-04-16"
"00673R.TW","2020-04-16"
"00674R.TW","2020-04-16"
"00675L.TW","2020-04-16"
"00676R.TW","2020-04-16"
"00677U.TW","2020-04-16"
"00678.TW","2020-04-16"
"00680L.TW","2020-04-16"
"00681R.TW","2020-04-16"
"00682U.TW","2020-04-16"
"00683L.TW","2020-04-16"
"00684R.TW","2020-04-16"
"00685L.TW","2020-04-16"
"00686R.TW","2020-04-16"
"00688L.TW","2020-04-16"
"00689R.TW","2020-04-16"
"00690.TW","2020-04-16"
"00691R.TW","2020-04-16"
"00692.TW","2020-04-16"
"00693U.TW","2020-04-16"
"00700.TW","2020-04-16"
"00701.TW","2020-04-16"
"00702.TW","2020-04-16"
"00703.TW","2020-04-16"
"00706L.TW","2020-04-16"
"00707R.TW","2020-04-16"
"00708L.TW","2020-04-16"
"00709.TW","2020-04-16"
"00710B.TW","2020-04-16"
"00711B.TW","2020-04-16"
"00712.TW","2020-04-16"
"00713.TW","2020-04-16"
"00714.TW","2020-04-16"
"00715L.TW","2020-04-16"
"00717.TW","2020-04-16"
"00728.TW","2020-04-16"
"00730.TW","2020-04-16"
"00731.TW","2020-04-16"
"00732.TW","2020-04-16"
"00733.TW","2020-04-16"
"00735.TW","2020-04-16"
"00736.TW","2020-04-16"
"00737.TW","2020-04-16"
"00738U.TW","2020-04-16"
"00739.TW","2020-04-16"
"00742.TW","2020-04-16"
"00743.TW","2020-04-16"
"00752.TW","2020-04-16"
"00753L.TW","2020-04-16"
"00757.TW","2020-04-16"
"00762.TW","2020-04-16"
"00763U.TW","2020-04-16"
"00766L.TW",NA
"00767.TW","2020-04-16"
"00770.TW","2020-04-16"
"00771.TW","2020-04-16"
"00774B.TW","2020-04-16"
"00774C.TW","2020-04-16"
"00775B.TW","2020-04-16"
"00776.TW","2020-04-16"
"00783.TW","2020-04-16"
"008201.TW","2020-04-16"
"00830.TW","2020-04-16"
"00850.TW","2020-04-16"
"00851.TW","2020-04-16"
"00852L.TW","2020-04-16"
"00861.TW","2020-04-16"
"00865B.TW","2020-04-16"
"00866.TW","2020-04-16"
"006201.TWO","2020-04-16"
"00679B.TWO","2020-04-16"
"00687B.TWO","2020-04-16"
"00694B.TWO","2020-04-16"
"00695B.TWO","2020-04-16"
"00696B.TWO","2020-04-16"
"00697B.TWO","2020-04-16"
"00718B.TWO","2020-04-16"
"00719B.TWO","2020-04-16"
"00720B.TWO","2020-04-16"
"00721B.TWO","2020-04-16"
"00722B.TWO","2020-04-16"
"00723B.TWO","2020-04-16"
"00724B.TWO","2020-04-16"
"00725B.TWO","2020-04-16"
"00726B.TWO","2020-04-16"
"00727B.TWO","2020-04-16"
"00734B.TWO","2020-04-16"
"00740B.TWO","2020-04-16"
"00741B.TWO","2020-04-16"
"00744B.TWO","2020-04-16"
"00745B.TWO","2020-04-16"
"00746B.TWO","2020-04-16"
"00747B.TWO","2020-04-16"
"00748B.TWO","2020-04-16"
"00749B.TWO","2020-04-16"
"00750B.TWO","2020-04-16"
"00751B.TWO","2020-04-16"
"00754B.TWO","2020-04-16"
"00755B.TWO","2020-04-16"
"00756B.TWO","2020-04-16"
"00758B.TWO","2020-04-16"
"00759B.TWO","2020-04-16"
"00760B.TWO","2020-04-16"
"00761B.TWO","2020-04-16"
"00764B.TWO","2020-04-16"
"00765B.TWO","2020-04-16"
"00768B.TWO","2020-04-16"
"00769B.TWO","2020-04-16"
"00772B.TWO","2020-04-16"
"00773B.TWO","2020-04-16"
"00777B.TWO","2020-04-16"
"00778B.TWO","2020-04-16"
"00779B.TWO","2020-04-16"
"00780B.TWO","2020-04-16"
"00781B.TWO","2020-04-16"
"00782B.TWO","2020-04-16"
"00784B.TWO","2020-04-16"
"00785B.TWO","2020-04-16"
"00786B.TWO","2020-04-16"
"00787B.TWO","2020-04-16"
"00788B.TWO","2020-04-16"
"00789B.TWO","2020-04-16"
"00790B.TWO","2020-04-16"
"00791B.TWO","2020-04-16"
"00792B.TWO","2020-04-16"
"00793B.TWO","2020-04-16"
"00794B.TWO","2020-04-16"
"00795B.TWO","2020-04-16"
"00796B.TWO","2020-04-16"
"00797B.TWO","2020-04-16"
"00798B.TWO","2020-04-16"
"00799B.TWO","2020-04-16"
"00831B.TWO","2020-04-16"
"00832B.TWO","2020-04-16"
"00833B.TWO","2020-04-16"
"00834B.TWO","2020-04-16"
"00835B.TWO","2020-04-16"
"00836B.TWO","2020-04-16"
"00837B.TWO","2020-04-16"
"00838B.TWO","2020-04-16"
"00839B.TWO","2020-04-16"
"00840B.TWO","2020-04-16"
"00841B.TWO","2020-04-16"
"00842B.TWO","2020-04-16"
"00843B.TWO","2020-04-16"
"00844B.TWO","2020-04-16"
"00845B.TWO","2020-04-16"
"00846B.TWO","2020-04-16"
"00847B.TWO","2020-04-16"
"00848B.TWO","2020-04-16"
"00849B.TWO","2020-04-16"
"00853B.TWO","2020-04-16"
"00854B.TWO","2020-04-16"
"00855B.TWO","2020-04-16"
"00856B.TWO","2020-04-16"
"00857B.TWO","2020-04-16"
"00858.TWO","2020-04-16"
"00859B.TWO","2020-04-16"
"00860B.TWO","2020-04-16"
"00862B.TWO","2020-04-16"
"00863B.TWO","2020-04-16"
"00864B.TWO","2020-04-16"
"00867B.TWO","2020-04-16"
"00868B.TWO","2020-04-16"
"00869B.TWO","2020-04-16"
"00870B.TWO","2020-04-16"
"00871B.TWO","2020-04-16"
"00872B.TWO","2020-04-16"
"00873B.TWO","2020-04-16"
"00874B.TWO","2020-04-16"
"1240.TWO","2020-04-16"
"1258.TWO","2020-04-16"
"1259.TWO","2020-04-16"
"1264.TWO","2020-04-16"
"1268.TWO","2020-04-16"
"1333.TWO","2020-04-16"
"1336.TWO","2020-04-16"
"1565.TWO","2020-04-16"
"1569.TWO","2020-04-16"
"1570.TWO","2020-04-16"
"1580.TWO","2020-04-16"
"1584.TWO","2020-04-16"
"1586.TWO","2020-04-16"
"1591.TWO","2020-04-16"
"1593.TWO","2020-04-16"
"1595.TWO","2020-04-16"
"1597.TWO","2020-04-16"
"1599.TWO","2020-04-16"
"1742.TWO","2020-04-16"
"1752.TWO","2020-04-16"
"1777.TWO","2020-04-16"
"1781.TWO","2020-04-16"
"1784.TWO","2020-04-16"
"1785.TWO","2020-04-16"
"1788.TWO","2020-04-16"
"1796.TWO","2020-04-16"
"1799.TWO","2020-04-16"
"1813.TWO","2020-04-16"
"1815.TWO","2020-04-16"
"2035.TWO","2020-04-16"
"2061.TWO","2020-04-16"
"2063.TWO","2020-04-16"
"2064.TWO","2020-04-16"
"2065.TWO","2020-04-16"
"2066.TWO","2020-04-16"
"2067.TWO","2020-04-16"
"2070.TWO","2020-04-16"
"2221.TWO","2020-04-16"
"2230.TWO","2020-04-16"
"2235.TWO","2020-04-16"
"2596.TWO","2020-04-16"
"2640.TWO","2020-04-16"
"2641.TWO","2020-04-16"
"2643.TWO","2020-04-16"
"2718.TWO","2020-04-16"
"2719.TWO","2020-04-16"
"2724.TWO","2020-04-16"
"2726.TWO","2020-04-16"
"2729.TWO","2020-04-16"
"2732.TWO","2020-04-16"
"2734.TWO","2020-04-16"
"2736.TWO","2020-04-16"
"2740.TWO","2020-04-16"
"2743.TWO","2020-04-16"
"2745.TWO","2020-04-16"
"2752.TWO","2020-04-16"
"2916.TWO","2020-04-16"
"2924.TWO","2020-04-16"
"2926.TWO","2020-04-16"
"2928.TWO","2020-04-16"
"2937.TWO","2020-04-16"
"3064.TWO","2020-04-16"
"3066.TWO","2020-04-16"
"3067.TWO","2020-04-16"
"3071.TWO","2020-04-16"
"3073.TWO","2020-04-16"
"3078.TWO","2020-04-16"
"3081.TWO","2020-04-16"
"3083.TWO","2020-04-16"
"3085.TWO","2020-04-16"
"3086.TWO","2020-04-16"
"3088.TWO","2020-04-16"
"3089.TWO","2020-04-16"
"3092.TWO","2020-04-16"
"3093.TWO","2020-04-16"
"3095.TWO","2020-04-16"
"3105.TWO","2020-04-16"
"3114.TWO","2020-04-16"
"3115.TWO","2020-04-16"
"3118.TWO","2020-04-16"
"3122.TWO","2020-04-16"
"3128.TWO","2020-04-16"
"3131.TWO","2020-04-16"
"3141.TWO","2020-04-16"
"3144.TWO","2020-04-16"
"3147.TWO","2020-04-16"
"3152.TWO","2020-04-16"
"3162.TWO","2020-04-16"
"3163.TWO","2020-04-16"
"3169.TWO","2020-04-16"
"3171.TWO","2020-04-16"
"3176.TWO","2020-04-16"
"3178.TWO","2020-04-16"
"3188.TWO","2020-04-16"
"3191.TWO","2020-04-16"
"3202.TWO","2020-04-16"
"3205.TWO","2020-04-16"
"3206.TWO","2020-04-16"
"3207.TWO","2020-04-16"
"3211.TWO","2020-04-16"
"3213.TWO","2020-04-16"
"3217.TWO","2020-04-16"
"3218.TWO","2020-04-16"
"3219.TWO","2020-04-16"
"3221.TWO","2020-04-16"
"3224.TWO","2020-04-16"
"3226.TWO","2020-04-16"
"3227.TWO","2020-04-16"
"3228.TWO","2020-04-16"
"3230.TWO","2020-04-16"
"3232.TWO","2020-04-16"
"3234.TWO","2020-04-16"
"3236.TWO","2020-04-16"
"3252.TWO","2020-04-16"
"3259.TWO","2020-04-16"
"3260.TWO","2020-04-16"
"3264.TWO","2020-04-16"
"3265.TWO","2020-04-16"
"3268.TWO","2020-04-16"
"3272.TWO","2020-04-16"
"3276.TWO","2020-04-16"
"3284.TWO","2020-04-16"
"3285.TWO","2020-04-16"
"3287.TWO","2020-04-16"
"3288.TWO","2020-04-16"
"3289.TWO","2020-04-16"
"3290.TWO","2020-04-16"
"3293.TWO","2020-04-16"
"3294.TWO","2020-04-16"
"3297.TWO","2020-04-16"
"3303.TWO","2020-04-16"
"3306.TWO","2020-04-16"
"3310.TWO","2020-04-16"
"3313.TWO","2020-04-16"
"3317.TWO","2020-04-16"
"3322.TWO","2020-04-16"
"3323.TWO","2020-04-16"
"3324.TWO","2020-04-16"
"3325.TWO","2020-04-16"
"3332.TWO","2020-04-16"
"3339.TWO","2020-04-16"
"3354.TWO","2020-04-16"
"3360.TWO","2020-04-16"
"3362.TWO","2020-04-16"
"3363.TWO","2020-04-16"
"3372.TWO","2020-04-16"
"3373.TWO","2020-04-16"
"3374.TWO","2020-04-16"
"3379.TWO","2020-04-16"
"3388.TWO","2020-04-16"
"3390.TWO","2020-04-16"
"3402.TWO","2020-04-16"
"3426.TWO","2020-04-16"
"3434.TWO","2020-04-16"
"3438.TWO","2020-04-16"
"3441.TWO","2020-04-16"
"3444.TWO","2020-04-16"
"3455.TWO","2020-04-16"
"3465.TWO","2020-04-16"
"3466.TWO","2020-04-16"
"3479.TWO","2020-04-16"
"3483.TWO","2020-04-16"
"3484.TWO","2020-04-16"
"3489.TWO","2020-04-16"
"3490.TWO","2020-04-16"
"3491.TWO","2020-04-16"
"3492.TWO","2020-04-16"
"3498.TWO","2020-04-16"
"3499.TWO","2020-04-16"
"3508.TWO","2020-04-16"
"3511.TWO","2020-04-16"
"3512.TWO","2020-04-16"
"3516.TWO","2020-04-16"
"3520.TWO","2020-04-16"
"3521.TWO","2020-04-16"
"3522.TWO","2020-04-16"
"3523.TWO","2020-04-16"
"3526.TWO","2020-04-16"
"3527.TWO","2020-04-16"
"3529.TWO","2020-04-16"
"3531.TWO","2020-04-16"
"3537.TWO","2020-04-16"
"3540.TWO","2020-04-16"
"3541.TWO","2020-04-16"
"3546.TWO","2020-04-16"
"3548.TWO","2020-04-16"
"3551.TWO","2020-04-16"
"3552.TWO","2020-04-16"
"3555.TWO","2020-04-16"
"3556.TWO","2020-04-16"
"3558.TWO","2020-04-16"
"3564.TWO","2020-04-16"
"3567.TWO","2020-04-16"
"3570.TWO","2020-04-16"
"3577.TWO","2020-04-16"
"3580.TWO","2020-04-16"
"3581.TWO","2020-04-16"
"3587.TWO","2020-04-16"
"3594.TWO","2020-04-16"
"3597.TWO","2020-04-16"
"3609.TWO","2020-04-16"
"3611.TWO","2020-04-16"
"3615.TWO","2020-04-16"
"3623.TWO","2020-04-16"
"3624.TWO","2020-04-16"
"3625.TWO","2020-04-16"
"3628.TWO","2020-04-16"
"3629.TWO","2020-04-16"
"3630.TWO","2020-04-16"
"3631.TWO","2020-04-16"
"3632.TWO","2020-04-16"
"3642.TWO","2020-04-16"
"3646.TWO","2020-04-16"
"3652.TWO","2020-04-16"
"3663.TWO","2020-04-16"
"3664.TWO","2020-04-16"
"3666.TWO","2020-04-16"
"3672.TWO","2020-04-16"
"3675.TWO","2020-04-16"
"3680.TWO","2020-04-16"
"3684.TWO","2020-04-16"
"3685.TWO","2020-04-16"
"3687.TWO","2020-04-16"
"3689.TWO","2020-04-16"
"3691.TWO","2020-04-16"
"3693.TWO","2020-04-16"
"3707.TWO","2020-04-16"
"3709.TWO","2020-04-16"
"3710.TWO","2020-04-16"
"3713.TWO","2020-04-16"
"4102.TWO","2020-04-16"
"4105.TWO","2020-04-16"
"4107.TWO","2020-04-16"
"4109.TWO","2020-04-16"
"4111.TWO","2020-04-16"
"4113.TWO","2020-04-16"
"4114.TWO","2020-04-16"
"4116.TWO","2020-04-16"
"4120.TWO","2020-04-16"
"4121.TWO","2020-04-16"
"4123.TWO","2020-04-16"
"4126.TWO","2020-04-16"
"4127.TWO","2020-04-16"
"4128.TWO","2020-04-16"
"4129.TWO","2020-04-16"
"4130.TWO","2020-04-16"
"4131.TWO","2020-04-16"
"4138.TWO","2020-04-16"
"4139.TWO","2020-04-16"
"4147.TWO","2020-04-16"
"4152.TWO","2020-04-16"
"4153.TWO","2020-04-16"
"4154.TWO","2020-04-16"
"4157.TWO","2020-04-16"
"4160.TWO","2020-04-16"
"4161.TWO","2020-04-16"
"4162.TWO","2020-04-16"
"4163.TWO","2020-04-16"
"4167.TWO","2020-04-16"
"4168.TWO","2020-04-16"
"4171.TWO","2020-04-16"
"4173.TWO","2020-04-16"
"4174.TWO","2020-04-16"
"4175.TWO","2020-04-16"
"4183.TWO","2020-04-16"
"4188.TWO","2020-04-16"
"4192.TWO","2020-04-16"
"4198.TWO","2020-04-16"
"4205.TWO","2020-04-16"
"4207.TWO","2020-04-16"
"4303.TWO","2020-04-16"
"4304.TWO","2020-04-16"
"4305.TWO","2020-04-16"
"4401.TWO","2020-04-16"
"4402.TWO","2020-04-16"
"4406.TWO","2020-04-16"
"4413.TWO","2020-04-16"
"4416.TWO","2020-04-16"
"4417.TWO","2020-04-16"
"4419.TWO","2020-04-16"
"4420.TWO","2020-04-16"
"4429.TWO","2020-04-16"
"4430.TWO","2020-04-16"
"4432.TWO","2020-04-16"
"4433.TWO","2020-04-16"
"4502.TWO","2020-04-16"
"4503.TWO","2020-04-16"
"4506.TWO","2020-04-16"
"4510.TWO","2020-04-16"
"4513.TWO","2020-04-16"
"4523.TWO","2020-04-16"
"4527.TWO","2020-04-16"
"4528.TWO","2020-04-16"
"4529.TWO","2020-04-16"
"4530.TWO","2020-04-16"
"4533.TWO","2020-04-16"
"4534.TWO","2020-04-16"
"4535.TWO","2020-04-16"
"4538.TWO","2020-04-16"
"4541.TWO","2020-04-16"
"4542.TWO","2020-04-16"
"4543.TWO","2020-04-16"
"4549.TWO","2020-04-16"
"4550.TWO","2020-04-16"
"4554.TWO","2020-04-16"
"4556.TWO","2020-04-16"
"4561.TWO","2020-04-16"
"4563.TWO","2020-04-16"
"4568.TWO","2020-04-16"
"4580.TWO","2020-04-16"
"4609.TWO","2020-04-16"
"4702.TWO","2020-04-16"
"4706.TWO","2020-04-16"
"4707.TWO","2020-04-16"
"4711.TWO","2020-04-16"
"4712.TWO","2020-04-16"
"4714.TWO","2020-04-16"
"4716.TWO","2020-04-16"
"4721.TWO","2020-04-16"
"4726.TWO","2020-04-16"
"4728.TWO","2020-04-16"
"4729.TWO","2020-04-16"
"4735.TWO","2020-04-16"
"4736.TWO","2020-04-16"
"4741.TWO","2020-04-16"
"4743.TWO","2020-04-16"
"4744.TWO","2020-04-16"
"4745.TWO","2020-04-16"
"4747.TWO","2020-04-16"
"4754.TWO","2020-04-16"
"4760.TWO","2020-04-16"
"4767.TWO","2020-04-16"
"4803.TWO","2020-04-16"
"4804.TWO","2020-04-16"
"4806.TWO","2020-04-16"
"4903.TWO","2020-04-16"
"4905.TWO","2020-04-16"
"4907.TWO","2020-04-16"
"4908.TWO","2020-04-16"
"4909.TWO","2020-04-16"
"4911.TWO","2020-04-16"
"4924.TWO","2020-04-16"
"4931.TWO","2020-04-16"
"4933.TWO","2020-04-16"
"4939.TWO","2020-04-16"
"4944.TWO","2020-04-16"
"4946.TWO","2020-04-16"
"4947.TWO","2020-04-16"
"4950.TWO","2020-04-16"
"4953.TWO","2020-04-16"
"4966.TWO","2020-04-16"
"4971.TWO","2020-04-16"
"4972.TWO","2020-04-16"
"4973.TWO","2020-04-16"
"4974.TWO","2020-04-16"
"4979.TWO","2020-04-16"
"4987.TWO","2020-04-16"
"4991.TWO","2020-04-16"
"4995.TWO","2020-04-16"
"5009.TWO","2020-04-16"
"5011.TWO","2020-04-16"
"5013.TWO","2020-04-16"
"5014.TWO","2020-04-16"
"5015.TWO","2020-04-16"
"5016.TWO","2020-04-16"
"5102.TWO","2020-04-16"
"5201.TWO","2020-04-16"
"5202.TWO","2020-04-16"
"5205.TWO","2020-04-16"
"5206.TWO","2020-04-16"
"5209.TWO","2020-04-16"
"5210.TWO","2020-04-16"
"5211.TWO","2020-04-16"
"5212.TWO","2020-04-16"
"5213.TWO","2020-04-16"
"5220.TWO","2020-04-16"
"5223.TWO","2020-04-16"
"5227.TWO","2020-04-16"
"5230.TWO","2020-04-16"
"5245.TWO","2020-04-16"
"5251.TWO","2020-04-16"
"5263.TWO","2020-04-16"
"5272.TWO","2020-04-16"
"5274.TWO","2020-04-16"
"5276.TWO","2020-04-16"
"5278.TWO","2020-04-16"
"5281.TWO","2020-04-16"
"5287.TWO","2020-04-16"
"5289.TWO","2020-04-16"
"5291.TWO","2020-04-16"
"5299.TWO","2020-04-16"
"5301.TWO","2020-04-16"
"5302.TWO","2020-04-16"
"5304.TWO","2020-04-16"
"5306.TWO","2020-04-16"
"5309.TWO","2020-04-16"
"5310.TWO","2020-04-16"
"5312.TWO","2020-04-16"
"5314.TWO","2020-04-16"
"5315.TWO","2020-04-16"
"5321.TWO","2020-04-16"
"5324.TWO","2020-04-16"
"5328.TWO","2020-04-16"
"5340.TWO","2020-04-16"
"5344.TWO","2020-04-16"
"5345.TWO","2020-04-16"
"5347.TWO","2020-04-16"
"5348.TWO","2020-04-16"
"5349.TWO","2020-04-16"
"5351.TWO","2020-04-16"
"5353.TWO","2020-04-16"
"5355.TWO","2020-04-16"
"5356.TWO","2020-04-16"
"5364.TWO","2020-04-16"
"5371.TWO","2020-04-16"
"5381.TWO","2020-04-16"
"5383.TWO","2020-04-16"
"5386.TWO","2020-04-16"
"5392.TWO","2020-04-16"
"5398.TWO","2020-04-16"
"5403.TWO","2020-04-16"
"5410.TWO","2020-04-16"
"5425.TWO","2020-04-16"
"5426.TWO","2020-04-16"
"5432.TWO","2020-04-16"
"5438.TWO","2020-04-16"
"5439.TWO","2020-04-16"
"5443.TWO","2020-04-16"
"5450.TWO","2020-04-16"
"5452.TWO","2020-04-16"
"5455.TWO","2020-04-16"
"5457.TWO","2020-04-16"
"5460.TWO","2020-04-16"
"5464.TWO","2020-04-16"
"5465.TWO","2020-04-16"
"5468.TWO","2020-04-16"
"5474.TWO","2020-04-16"
"5475.TWO","2020-04-16"
"5478.TWO","2020-04-16"
"5481.TWO","2020-04-16"
"5483.TWO","2020-04-16"
"5487.TWO","2020-04-16"
"5488.TWO","2020-04-16"
"5489.TWO","2020-04-16"
"5490.TWO","2020-04-16"
"5493.TWO","2020-04-16"
"5498.TWO","2020-04-16"
"5508.TWO","2020-04-16"
"5511.TWO","2020-04-16"
"5512.TWO","2020-04-16"
"5514.TWO","2020-04-16"
"5516.TWO","2020-04-16"
"5520.TWO","2020-04-16"
"5523.TWO","2020-04-16"
"5529.TWO","2020-04-16"
"5530.TWO","2020-04-16"
"5536.TWO","2020-04-16"
"5543.TWO","2020-04-16"
"5601.TWO","2020-04-16"
"5603.TWO","2020-04-16"
"5604.TWO","2020-04-16"
"5609.TWO","2020-04-16"
"5701.TWO","2020-04-16"
"5703.TWO","2020-04-16"
"5704.TWO","2020-04-16"
"5820.TWO","2020-04-16"
"5864.TWO","2020-04-16"
"5878.TWO","2020-04-16"
"5902.TWO","2020-04-16"
"5903.TWO","2020-04-16"
"5904.TWO","2020-04-16"
"5905.TWO","2020-04-16"
"6015.TWO","2020-04-16"
"6016.TWO","2020-04-16"
"6020.TWO","2020-04-16"
"6021.TWO","2020-04-16"
"6023.TWO","2020-04-16"
"6026.TWO","2020-04-16"
"6101.TWO","2020-04-16"
"6103.TWO","2020-04-16"
"6104.TWO","2020-04-16"
"6109.TWO","2020-04-16"
"6111.TWO","2020-04-16"
"6113.TWO","2020-04-16"
"6114.TWO","2020-04-16"
"6118.TWO","2020-04-16"
"6121.TWO","2020-04-16"
"6122.TWO","2020-04-16"
"6123.TWO","2020-04-16"
"6124.TWO","2020-04-16"
"6125.TWO","2020-04-16"
"6126.TWO","2020-04-16"
"6127.TWO","2020-04-16"
"6129.TWO","2020-04-16"
"6130.TWO","2020-04-16"
"6134.TWO","2020-04-16"
"6138.TWO","2020-04-16"
"6140.TWO","2020-04-16"
"6143.TWO","2020-04-16"
"6144.TWO","2020-04-16"
"6146.TWO","2020-04-16"
"6147.TWO","2020-04-16"
"6148.TWO","2020-04-16"
"6150.TWO","2020-04-16"
"6151.TWO","2020-04-16"
"6154.TWO","2020-04-16"
"6156.TWO","2020-04-16"
"6158.TWO","2020-04-16"
"6160.TWO","2020-04-16"
"6161.TWO","2020-04-16"
"6163.TWO","2020-04-16"
"6167.TWO","2020-04-16"
"6169.TWO","2020-04-16"
"6170.TWO","2020-04-16"
"6171.TWO","2020-04-16"
"6173.TWO","2020-04-16"
"6174.TWO","2020-04-16"
"6175.TWO","2020-04-16"
"6179.TWO","2020-04-16"
"6180.TWO","2020-04-16"
"6182.TWO","2020-04-16"
"6185.TWO","2020-04-16"
"6186.TWO","2020-04-16"
"6187.TWO","2020-04-16"
"6188.TWO","2020-04-16"
"6190.TWO","2020-04-16"
"6194.TWO","2020-04-16"
"6195.TWO","2020-04-16"
"6198.TWO","2020-04-16"
"6199.TWO","2020-04-16"
"6203.TWO","2020-04-16"
"6204.TWO","2020-04-16"
"6207.TWO","2020-04-16"
"6208.TWO","2020-04-16"
"6210.TWO","2020-04-16"
"6212.TWO","2020-04-16"
"6217.TWO","2020-04-16"
"6218.TWO","2020-04-16"
"6219.TWO","2020-04-16"
"6220.TWO","2020-04-16"
"6221.TWO","2020-04-16"
"6222.TWO","2020-04-16"
"6223.TWO","2020-04-16"
"6227.TWO","2020-04-16"
"6228.TWO","2020-04-16"
"6229.TWO","2020-04-16"
"6231.TWO","2020-04-16"
"6233.TWO","2020-04-16"
"6234.TWO","2020-04-16"
"6236.TWO","2020-04-16"
"6237.TWO","2020-04-16"
"6238.TWO","2020-04-16"
"6240.TWO","2020-04-16"
"6241.TWO","2020-04-16"
"6242.TWO","2020-04-16"
"6244.TWO","2020-04-16"
"6245.TWO","2020-04-16"
"6246.TWO","2020-04-16"
"6247.TWO","2020-04-16"
"6248.TWO","2020-04-16"
"6259.TWO","2020-04-16"
"6261.TWO","2020-04-16"
"6263.TWO","2020-04-16"
"6264.TWO","2020-04-16"
"6265.TWO","2020-04-16"
"6266.TWO","2020-04-16"
"6270.TWO","2020-04-16"
"6274.TWO","2020-04-16"
"6275.TWO","2020-04-16"
"6276.TWO","2020-04-16"
"6279.TWO","2020-04-16"
"6284.TWO","2020-04-16"
"6287.TWO","2020-04-16"
"6290.TWO","2020-04-16"
"6291.TWO","2020-04-16"
"6292.TWO","2020-04-16"
"6294.TWO","2020-04-16"
"6404.TWO","2020-04-16"
"6411.TWO","2020-04-16"
"6417.TWO","2020-04-16"
"6418.TWO","2020-04-16"
"6419.TWO","2020-04-16"
"6425.TWO","2020-04-16"
"6426.TWO","2020-04-16"
"6432.TWO","2020-04-16"
"6435.TWO","2020-04-16"
"6438.TWO","2020-04-16"
"6441.TWO","2020-04-16"
"6446.TWO","2020-04-16"
"6457.TWO","2020-04-16"
"6461.TWO","2020-04-16"
"6462.TWO","2020-04-16"
"6465.TWO","2020-04-16"
"6469.TWO","2020-04-16"
"6470.TWO","2020-04-16"
"6472.TWO","2020-04-16"
"6482.TWO","2020-04-16"
"6485.TWO","2020-04-16"
"6486.TWO","2020-04-16"
"6488.TWO","2020-04-16"
"6492.TWO","2020-04-16"
"6494.TWO","2020-04-16"
"6496.TWO","2020-04-16"
"6497.TWO","2020-04-16"
"6499.TWO","2020-04-16"
"6506.TWO","2020-04-16"
"6508.TWO","2020-04-16"
"6509.TWO","2020-04-16"
"6510.TWO","2020-04-16"
"6512.TWO","2020-04-16"
"6514.TWO","2020-04-16"
"6516.TWO","2020-04-16"
"6523.TWO","2020-04-16"
"6527.TWO","2020-04-16"
"6530.TWO","2020-04-16"
"6532.TWO","2020-04-16"
"6535.TWO","2020-04-16"
"6538.TWO","2020-04-16"
"6542.TWO","2020-04-16"
"6547.TWO","2020-04-16"
"6548.TWO","2020-04-16"
"6556.TWO","2020-04-16"
"6560.TWO","2020-04-16"
"6561.TWO","2020-04-16"
"6568.TWO","2020-04-16"
"6569.TWO","2020-04-16"
"6570.TWO","2020-04-16"
"6574.TWO","2020-04-16"
"6576.TWO","2020-04-16"
"6577.TWO","2020-04-16"
"6578.TWO","2020-04-16"
"6589.TWO","2020-04-16"
"6590.TWO","2020-04-16"
"6593.TWO","2020-04-16"
"6594.TWO","2020-04-16"
"6596.TWO","2020-04-16"
"6603.TWO","2020-04-16"
"6609.TWO","2020-04-16"
"6612.TWO","2020-04-16"
"6613.TWO","2020-04-16"
"6615.TWO","2020-04-16"
"6616.TWO","2020-04-16"
"6624.TWO","2020-04-16"
"6629.TWO","2020-04-16"
"6640.TWO","2020-04-16"
"6642.TWO","2020-04-16"
"6643.TWO","2020-04-16"
"6649.TWO","2020-04-16"
"6654.TWO","2020-04-16"
"6662.TWO","2020-04-16"
"6664.TWO","2020-04-16"
"6667.TWO","2020-04-16"
"6679.TWO","2020-04-16"
"6680.TWO","2020-04-16"
"6683.TWO","2020-04-16"
"6690.TWO","2020-04-16"
"6697.TWO","2020-04-16"
"6716.TWO","2020-04-16"
"6803.TWO","2020-04-16"
"7402.TWO","2020-04-16"
"8024.TWO","2020-04-16"
"8027.TWO","2020-04-16"
"8032.TWO","2020-04-16"
"8034.TWO","2020-04-16"
"8038.TWO","2020-04-16"
"8040.TWO","2020-04-16"
"8042.TWO","2020-04-16"
"8043.TWO","2020-04-16"
"8044.TWO","2020-04-16"
"8047.TWO","2020-04-16"
"8048.TWO","2020-04-16"
"8049.TWO","2020-04-16"
"8050.TWO","2020-04-16"
"8054.TWO","2020-04-16"
"8059.TWO","2020-04-16"
"8064.TWO","2020-04-16"
"8066.TWO","2020-04-16"
"8067.TWO","2020-04-16"
"8068.TWO","2020-04-16"
"8069.TWO","2020-04-16"
"8071.TWO","2020-04-16"
"8074.TWO","2020-04-16"
"8076.TWO","2020-04-16"
"8077.TWO","2020-04-16"
"8080.TWO","2020-04-16"
"8083.TWO","2020-04-16"
"8084.TWO","2020-04-16"
"8085.TWO","2020-04-16"
"8086.TWO","2020-04-16"
"8087.TWO","2020-04-16"
"8088.TWO","2020-04-16"
"8091.TWO","2020-04-16"
"8092.TWO","2020-04-16"
"8093.TWO","2020-04-16"
"8096.TWO","2020-04-16"
"8097.TWO","2020-04-16"
"8099.TWO","2020-04-16"
"8107.TWO","2020-04-16"
"8109.TWO","2020-04-16"
"8111.TWO","2020-04-16"
"8121.TWO","2020-04-16"
"8147.TWO","2020-04-16"
"8155.TWO","2020-04-16"
"8171.TWO","2020-04-16"
"8176.TWO","2020-04-16"
"8182.TWO","2020-04-16"
"8183.TWO","2020-04-16"
"8234.TWO","2020-04-16"
"8240.TWO","2020-04-16"
"8255.TWO","2020-04-16"
"8277.TWO","2020-04-16"
"8279.TWO","2020-04-16"
"8287.TWO","2020-04-16"
"8289.TWO","2020-04-16"
"8291.TWO","2020-04-16"
"8299.TWO","2020-04-16"
"8342.TWO","2020-04-16"
"8349.TWO","2020-04-16"
"8354.TWO","2020-04-16"
"8358.TWO","2020-04-16"
"8383.TWO","2020-04-16"
"8390.TWO","2020-04-16"
"8401.TWO","2020-04-16"
"8403.TWO","2020-04-16"
"8406.TWO","2020-04-16"
"8409.TWO","2020-04-16"
"8410.TWO","2020-04-16"
"8415.TWO","2020-04-16"
"8416.TWO","2020-04-16"
"8418.TWO","2020-04-16"
"8420.TWO","2020-04-16"
"8421.TWO","2020-04-16"
"8423.TWO","2020-04-16"
"8424.TWO","2020-04-16"
"8426.TWO","2020-04-16"
"8431.TWO","2020-04-16"
"8432.TWO","2020-04-16"
"8433.TWO","2020-04-16"
"8435.TWO","2020-04-16"
"8436.TWO","2020-04-16"
"8437.TWO","2020-04-16"
"8440.TWO","2020-04-16"
"8444.TWO","2020-04-16"
"8446.TWO","2020-04-16"
"8450.TWO","2020-04-16"
"8455.TWO","2020-04-16"
"8472.TWO","2020-04-16"
"8476.TWO","2020-04-16"
"8477.TWO","2020-04-16"
"8489.TWO","2020-04-16"
"8905.TWO","2020-04-16"
"8906.TWO","2020-04-16"
"8908.TWO","2020-04-16"
"8916.TWO","2020-04-16"
"8917.TWO","2020-04-16"
"8921.TWO","2020-04-16"
"8923.TWO","2020-04-16"
"8924.TWO","2020-04-16"
"8927.TWO","2020-04-16"
"8928.TWO","2020-04-16"
"8929.TWO","2020-04-16"
"8930.TWO","2020-04-16"
"8931.TWO","2020-04-16"
"8932.TWO","2020-04-16"
"8933.TWO","2020-04-16"
"8934.TWO","2020-04-16"
"8935.TWO","2020-04-16"
"8936.TWO","2020-04-16"
"8937.TWO","2020-04-16"
"8938.TWO","2020-04-16"
"8941.TWO","2020-04-16"
"8942.TWO","2020-04-16"
"9949.TWO","2020-04-16"
"9950.TWO","2020-04-16"
"9951.TWO","2020-04-16"
"9960.TWO","2020-04-16"
